{
  "project_info": {
    "project_number": "924547996407",
    "firebase_url": "https://tmaster-d0da3-default-rtdb.firebaseio.com",
    "project_id": "tmaster-d0da3",
    "storage_bucket": "tmaster-d0da3.appspot.com"
  },
  "client": [
    {
      "client_info": {
        "mobilesdk_app_id": "1:924547996407:android:fddc11c0343a596ed391f2",
        "android_client_info": {
          "package_name": "com.tokmay.app"
        }
      },
      "oauth_client": [
        {
          "client_id": "924547996407-a5318uvvgi4erfvkfv3b6ouu55kkflbm.apps.googleusercontent.com",
          "client_type": 3
        }
      ],
      "api_key": [
        {
          "current_key": "AIzaSyBPcgLw20mMJjuo_UkeUHogUfzJn44c3GI"
        }
      ],
      "services": {
        "appinvite_service": {
          "other_platform_oauth_client": [
            {
              "client_id": "924547996407-a5318uvvgi4erfvkfv3b6ouu55kkflbm.apps.googleusercontent.com",
              "client_type": 3
            }
          ]
        }
      }
    }
  ],
  "configuration_version": "1"
}